word_start,word_end
0.2082390642000007,1.4412389692000005
1.4412389692000005,2.869958815800004
