word_start,word_end
0.3458480574000049,0.812740376299999
0.812740376299999,2.909637188000005
3.608613650899997,5.4755552556
5.4755552556,6.338751053999999
6.338751053999999,7.603357422399995
7.603357422399995,8.047165532999998
8.299413876499997,8.792297859300007
