word_start,word_end
0.14226536789999855,0.5286852004000018
0.5286852004000018,0.7559183669999996
0.8875928408999982,1.1281632650000013
1.2434988006999994,1.6363950562000014
1.6363950562000014,1.8661224489999988
2.0170818827999994,2.6940900504
2.6940900504,4.648163265000001
