word_start,word_end
0.47894467129999896,0.548571428999999
0.7270508267999993,1.1321062041000012
1.1321062041000012,1.4673829946999994
1.4673829946999994,1.6587755100000017
1.8189234449999994,2.197067179000001
2.197067179000001,2.3836734690000014
2.5576000295999997,4.10122449
